entrant_id,profile,environment_seed,estimator,denominator,clipping,dataset_count,episodes_per_dataset,dataset_seed_digest,direct_return_reference,mean_ope_estimate,bias,mae,rmse,finite_fraction,median_ess,mean_unsupported_mass,mean_diagnostic_finite_fraction
kdd235b_recurrent_gaussian_v1,sepsis,171901,IS,crossfit_stronger,none,64,256,f31d2ec2177f1064b10fb3ef82ee41c11aa4396dc07db11b3ded5a38734351ed,0.3910182055640318,37419047118.63979,37419047118.248764,37419047123.35584,291769104291.682,1.0,0.0,0.0,1.0
kdd235b_recurrent_gaussian_v1,sepsis,171901,WIS,crossfit_stronger,none,64,256,f31d2ec2177f1064b10fb3ef82ee41c11aa4396dc07db11b3ded5a38734351ed,0.3910182055640318,0.10564194579133407,-0.28537625977269776,0.47738257776601495,0.5377463878021038,1.0,0.0,0.0,1.0
kdd235b_recurrent_gaussian_v1,sepsis,171901,CWPDIS,crossfit_stronger,none,64,256,f31d2ec2177f1064b10fb3ef82ee41c11aa4396dc07db11b3ded5a38734351ed,0.3910182055640318,0.04059449456202571,-0.3504237110020061,0.4340093659825054,0.46370313430195476,1.0,0.0,0.0,1.0
kdd235b_recurrent_gaussian_v1,sepsis,171901,DR,crossfit_stronger,none,64,256,f31d2ec2177f1064b10fb3ef82ee41c11aa4396dc07db11b3ded5a38734351ed,0.3910182055640318,538558593.0563563,538558592.6653382,543341314.8771969,4226222762.72753,1.0,0.0,0.0,1.0
kdd235b_recurrent_gaussian_v1,sepsis,171901,WDR,crossfit_stronger,none,64,256,f31d2ec2177f1064b10fb3ef82ee41c11aa4396dc07db11b3ded5a38734351ed,0.3910182055640318,0.04195334396329578,-0.349064861600736,0.3862369099506634,0.3963850533841908,1.0,0.0,0.0,1.0
kdd235b_recurrent_gaussian_v1,sepsis,171901,FQE,crossfit_stronger,none,64,256,f31d2ec2177f1064b10fb3ef82ee41c11aa4396dc07db11b3ded5a38734351ed,0.3910182055640318,-0.0009098282692114013,-0.39192803383324315,0.39192803383324315,0.3919768393154093,1.0,0.0,0.0,1.0
kdd235b_recurrent_gaussian_v1,sepsis,171902,IS,crossfit_stronger,none,64,256,54eb6d5d7f684e884669f75ea1cd1ef306f596e1cc76fca46d9b679127f6f09f,0.16317332023936207,727522979.3536057,727522979.1904328,837198882.5834873,5856137492.192133,1.0,0.0,0.0,1.0
kdd235b_recurrent_gaussian_v1,sepsis,171902,WIS,crossfit_stronger,none,64,256,54eb6d5d7f684e884669f75ea1cd1ef306f596e1cc76fca46d9b679127f6f09f,0.16317332023936207,0.08918379342267253,-0.07398952681668954,0.37672074079027784,0.510676510054181,1.0,0.0,0.0,1.0
kdd235b_recurrent_gaussian_v1,sepsis,171902,CWPDIS,crossfit_stronger,none,64,256,54eb6d5d7f684e884669f75ea1cd1ef306f596e1cc76fca46d9b679127f6f09f,0.16317332023936207,0.004501075961724596,-0.1586722442776375,0.34512892559220754,0.4485482482842235,1.0,0.0,0.0,1.0
kdd235b_recurrent_gaussian_v1,sepsis,171902,DR,crossfit_stronger,none,64,256,54eb6d5d7f684e884669f75ea1cd1ef306f596e1cc76fca46d9b679127f6f09f,0.16317332023936207,-1256485.918513788,-1256486.0816871095,25429765.671016715,137019491.93780702,1.0,0.0,0.0,1.0
kdd235b_recurrent_gaussian_v1,sepsis,171902,WDR,crossfit_stronger,none,64,256,54eb6d5d7f684e884669f75ea1cd1ef306f596e1cc76fca46d9b679127f6f09f,0.16317332023936207,0.031169427566490573,-0.13200389267287146,0.2455182958052527,0.3153640695016968,1.0,0.0,0.0,1.0
kdd235b_recurrent_gaussian_v1,sepsis,171902,FQE,crossfit_stronger,none,64,256,54eb6d5d7f684e884669f75ea1cd1ef306f596e1cc76fca46d9b679127f6f09f,0.16317332023936207,-0.001747617420838298,-0.16492093766020038,0.16492093766020038,0.16506091113388136,1.0,0.0,0.0,1.0
kdd235b_recurrent_gaussian_v1,sepsis,171903,IS,crossfit_stronger,none,64,256,99d43573bd658055961655b139b53d1186920de6d3e89b1f01e0288c4c3febdb,0.3827608004273029,-1372830371.9780774,-1372830372.3608384,2464909133.066642,11538665822.191584,1.0,0.0,0.0,1.0
kdd235b_recurrent_gaussian_v1,sepsis,171903,WIS,crossfit_stronger,none,64,256,99d43573bd658055961655b139b53d1186920de6d3e89b1f01e0288c4c3febdb,0.3827608004273029,-0.04200820396073017,-0.4247690043880331,0.5774969865921754,0.6870414656044032,1.0,0.0,0.0,1.0
kdd235b_recurrent_gaussian_v1,sepsis,171903,CWPDIS,crossfit_stronger,none,64,256,99d43573bd658055961655b139b53d1186920de6d3e89b1f01e0288c4c3febdb,0.3827608004273029,-0.03216052032921996,-0.41492132075652294,0.4958907316801831,0.5647372859333887,1.0,0.0,0.0,1.0
kdd235b_recurrent_gaussian_v1,sepsis,171903,DR,crossfit_stronger,none,64,256,99d43573bd658055961655b139b53d1186920de6d3e89b1f01e0288c4c3febdb,0.3827608004273029,-13782199.84957524,-13782200.232336042,28708285.494401455,131747033.29475729,1.0,0.0,0.0,1.0
kdd235b_recurrent_gaussian_v1,sepsis,171903,WDR,crossfit_stronger,none,64,256,99d43573bd658055961655b139b53d1186920de6d3e89b1f01e0288c4c3febdb,0.3827608004273029,-0.006554014146740075,-0.389314814574043,0.43162701178750573,0.4874497408566852,1.0,0.0,0.0,1.0
kdd235b_recurrent_gaussian_v1,sepsis,171903,FQE,crossfit_stronger,none,64,256,99d43573bd658055961655b139b53d1186920de6d3e89b1f01e0288c4c3febdb,0.3827608004273029,-0.0016865394057275767,-0.3844473398330305,0.3844473398330305,0.3845426070169317,1.0,0.0,0.0,1.0
kdd235b_recurrent_gaussian_v1,sepsis,171904,IS,crossfit_stronger,none,64,256,a56382dfecd8c2302a0bf4eb3d38fa366928e202e0a96cf340ec972ed807fd0f,0.2889784468075411,1312750900.346086,1312750900.0571074,1561393306.5360384,11518735073.694036,1.0,0.0,0.0,1.0
kdd235b_recurrent_gaussian_v1,sepsis,171904,WIS,crossfit_stronger,none,64,256,a56382dfecd8c2302a0bf4eb3d38fa366928e202e0a96cf340ec972ed807fd0f,0.2889784468075411,0.08198865946044435,-0.20698978734709675,0.4282410240371811,0.519253316148339,1.0,0.0,0.0,1.0
kdd235b_recurrent_gaussian_v1,sepsis,171904,CWPDIS,crossfit_stronger,none,64,256,a56382dfecd8c2302a0bf4eb3d38fa366928e202e0a96cf340ec972ed807fd0f,0.2889784468075411,0.007845163386644326,-0.2811332834208967,0.45313863007647304,0.527051078566606,1.0,0.0,0.0,1.0
kdd235b_recurrent_gaussian_v1,sepsis,171904,DR,crossfit_stronger,none,64,256,a56382dfecd8c2302a0bf4eb3d38fa366928e202e0a96cf340ec972ed807fd0f,0.2889784468075411,21031057.217718557,21031056.928740118,24400355.73487821,181892660.75694603,1.0,0.0,0.0,1.0
kdd235b_recurrent_gaussian_v1,sepsis,171904,WDR,crossfit_stronger,none,64,256,a56382dfecd8c2302a0bf4eb3d38fa366928e202e0a96cf340ec972ed807fd0f,0.2889784468075411,0.02040632730839465,-0.26857211949914644,0.34172081310234437,0.37897434973206257,1.0,0.0,0.0,1.0
kdd235b_recurrent_gaussian_v1,sepsis,171904,FQE,crossfit_stronger,none,64,256,a56382dfecd8c2302a0bf4eb3d38fa366928e202e0a96cf340ec972ed807fd0f,0.2889784468075411,-0.0013510399085420927,-0.29032948671608316,0.29032948671608316,0.29035774058020164,1.0,0.0,0.0,1.0
kdd235b_recurrent_gaussian_v1,sepsis,171905,IS,crossfit_stronger,none,64,256,5f2b4f61f9d4348e329a07ca3263bea417b3496df9e7ec0f24dd5cef74ea1aa3,0.4055533299282112,996265924.1170627,996265923.7115093,1034744261.3469281,8117317025.274812,1.0,0.0,0.0,1.0
kdd235b_recurrent_gaussian_v1,sepsis,171905,WIS,crossfit_stronger,none,64,256,5f2b4f61f9d4348e329a07ca3263bea417b3496df9e7ec0f24dd5cef74ea1aa3,0.4055533299282112,-0.041850758402226386,-0.4474040883304376,0.5937412707043244,0.7010705316938612,1.0,0.0,0.0,1.0
kdd235b_recurrent_gaussian_v1,sepsis,171905,CWPDIS,crossfit_stronger,none,64,256,5f2b4f61f9d4348e329a07ca3263bea417b3496df9e7ec0f24dd5cef74ea1aa3,0.4055533299282112,-0.0470393581653062,-0.4525926880935174,0.5236510869758941,0.6024535393286987,1.0,0.0,0.0,1.0
kdd235b_recurrent_gaussian_v1,sepsis,171905,DR,crossfit_stronger,none,64,256,5f2b4f61f9d4348e329a07ca3263bea417b3496df9e7ec0f24dd5cef74ea1aa3,0.4055533299282112,12482685.727556167,12482685.32200284,13473258.619019808,102205213.12461099,1.0,0.0,0.0,1.0
kdd235b_recurrent_gaussian_v1,sepsis,171905,WDR,crossfit_stronger,none,64,256,5f2b4f61f9d4348e329a07ca3263bea417b3496df9e7ec0f24dd5cef74ea1aa3,0.4055533299282112,-0.010430830306689714,-0.41598416023490087,0.4403107299602392,0.4754064274927095,1.0,0.0,0.0,1.0
kdd235b_recurrent_gaussian_v1,sepsis,171905,FQE,crossfit_stronger,none,64,256,5f2b4f61f9d4348e329a07ca3263bea417b3496df9e7ec0f24dd5cef74ea1aa3,0.4055533299282112,-0.0014373649941092589,-0.40699069492232043,0.40699069492232043,0.4070320506694816,1.0,0.0,0.0,1.0
kdd235b_recurrent_gaussian_v1,sepsis,171906,IS,crossfit_stronger,none,64,256,e8a6f612981912482611cc7c46e6507fe88845849db646204551927472cd6dbd,0.3555450117594295,-617463560751.9154,-617463560752.271,617493096968.2762,4939826618490.923,1.0,0.0,0.0,1.0
kdd235b_recurrent_gaussian_v1,sepsis,171906,WIS,crossfit_stronger,none,64,256,e8a6f612981912482611cc7c46e6507fe88845849db646204551927472cd6dbd,0.3555450117594295,0.06746102208527394,-0.2880839896741556,0.4884607011399924,0.5691187904614519,1.0,0.0,0.0,1.0
kdd235b_recurrent_gaussian_v1,sepsis,171906,CWPDIS,crossfit_stronger,none,64,256,e8a6f612981912482611cc7c46e6507fe88845849db646204551927472cd6dbd,0.3555450117594295,0.011889732987508716,-0.3436552787719208,0.44220528664380904,0.5010817764268757,1.0,0.0,0.0,1.0
kdd235b_recurrent_gaussian_v1,sepsis,171906,DR,crossfit_stronger,none,64,256,e8a6f612981912482611cc7c46e6507fe88845849db646204551927472cd6dbd,0.3555450117594295,-7731220053.962116,-7731220054.317661,7731542550.6748085,61850964939.82188,1.0,0.0,0.0,1.0
kdd235b_recurrent_gaussian_v1,sepsis,171906,WDR,crossfit_stronger,none,64,256,e8a6f612981912482611cc7c46e6507fe88845849db646204551927472cd6dbd,0.3555450117594295,0.017293523943015907,-0.33825148781641357,0.3818748285725117,0.41913473420947733,1.0,0.0,0.0,1.0
kdd235b_recurrent_gaussian_v1,sepsis,171906,FQE,crossfit_stronger,none,64,256,e8a6f612981912482611cc7c46e6507fe88845849db646204551927472cd6dbd,0.3555450117594295,-0.0009341101437525428,-0.3564791219031821,0.3564791219031821,0.3565308487686234,1.0,0.0,0.0,1.0
kdd235b_recurrent_gaussian_v1,sepsis,171907,IS,crossfit_stronger,none,64,256,4d2538a5db2b24422b8f70b5c48cb508a711b245b9e28951d85327b438281ae6,0.39523469582302806,-34289922110.03751,-34289922110.432743,34355837645.384766,274583165489.8686,1.0,0.0,0.0,1.0
kdd235b_recurrent_gaussian_v1,sepsis,171907,WIS,crossfit_stronger,none,64,256,4d2538a5db2b24422b8f70b5c48cb508a711b245b9e28951d85327b438281ae6,0.39523469582302806,0.14362828818801512,-0.2516064076350129,0.45322002733662026,0.48714776344248517,1.0,0.0,0.0,1.0
kdd235b_recurrent_gaussian_v1,sepsis,171907,CWPDIS,crossfit_stronger,none,64,256,4d2538a5db2b24422b8f70b5c48cb508a711b245b9e28951d85327b438281ae6,0.39523469582302806,0.08328958215305392,-0.31194511366997413,0.42993189937872844,0.46031939689856866,1.0,0.0,0.0,1.0
kdd235b_recurrent_gaussian_v1,sepsis,171907,DR,crossfit_stronger,none,64,256,4d2538a5db2b24422b8f70b5c48cb508a711b245b9e28951d85327b438281ae6,0.39523469582302806,-427703952.5951549,-427703952.99038965,428729330.66202176,3425662613.498671,1.0,0.0,0.0,1.0
kdd235b_recurrent_gaussian_v1,sepsis,171907,WDR,crossfit_stronger,none,64,256,4d2538a5db2b24422b8f70b5c48cb508a711b245b9e28951d85327b438281ae6,0.39523469582302806,0.04482290833272955,-0.3504117874902985,0.39409196679462094,0.42410069842107123,1.0,0.0,0.0,1.0
kdd235b_recurrent_gaussian_v1,sepsis,171907,FQE,crossfit_stronger,none,64,256,4d2538a5db2b24422b8f70b5c48cb508a711b245b9e28951d85327b438281ae6,0.39523469582302806,0.0002314604656338601,-0.39500323535739423,0.39500323535739423,0.3950201537324463,1.0,0.0,0.0,1.0
kdd235b_recurrent_gaussian_v1,sepsis,171908,IS,crossfit_stronger,none,64,256,4147f724d4aefd74c0432c616598786ccb8c9ca44e16a62dd5e6ca0f56b092e9,0.35299285282673665,183624514.83883289,183624514.48584002,183624659.9176201,755227878.0162588,1.0,0.0,0.0,1.0
kdd235b_recurrent_gaussian_v1,sepsis,171908,WIS,crossfit_stronger,none,64,256,4147f724d4aefd74c0432c616598786ccb8c9ca44e16a62dd5e6ca0f56b092e9,0.35299285282673665,0.10860422892985219,-0.2443886238968845,0.45422058054755987,0.5165532695626899,1.0,0.0,0.0,1.0
kdd235b_recurrent_gaussian_v1,sepsis,171908,CWPDIS,crossfit_stronger,none,64,256,4147f724d4aefd74c0432c616598786ccb8c9ca44e16a62dd5e6ca0f56b092e9,0.35299285282673665,0.05512715406540408,-0.29786569876133256,0.42606543030989363,0.468426492117834,1.0,0.0,0.0,1.0
kdd235b_recurrent_gaussian_v1,sepsis,171908,DR,crossfit_stronger,none,64,256,4147f724d4aefd74c0432c616598786ccb8c9ca44e16a62dd5e6ca0f56b092e9,0.35299285282673665,2087848.1163899845,2087847.7633971318,2097405.9543602336,8438965.840133883,1.0,0.0,0.0,1.0
kdd235b_recurrent_gaussian_v1,sepsis,171908,WDR,crossfit_stronger,none,64,256,4147f724d4aefd74c0432c616598786ccb8c9ca44e16a62dd5e6ca0f56b092e9,0.35299285282673665,0.0629357374480885,-0.29005711537864814,0.3723033785609768,0.3865715266181353,1.0,0.0,0.0,1.0
kdd235b_recurrent_gaussian_v1,sepsis,171908,FQE,crossfit_stronger,none,64,256,4147f724d4aefd74c0432c616598786ccb8c9ca44e16a62dd5e6ca0f56b092e9,0.35299285282673665,-0.0007044896434875254,-0.35369734247022416,0.35369734247022416,0.3537097233964079,1.0,0.0,0.0,1.0
kdd235b_recurrent_gaussian_v1,respiratory,171901,IS,crossfit_stronger,none,64,256,4987dec99730bec308f2626eb952bf6f9c94ed3e3bc64641d4a298528357c628,0.28189791458475205,8567972334.109805,8567972333.827908,9951768471.365026,46906275947.85228,1.0,1.0,0.0,1.0
kdd235b_recurrent_gaussian_v1,respiratory,171901,WIS,crossfit_stronger,none,64,256,4987dec99730bec308f2626eb952bf6f9c94ed3e3bc64641d4a298528357c628,0.28189791458475205,0.08771259877244937,-0.1941853158123027,1.5187607366739826,2.161938272522802,1.0,1.0,0.0,1.0
kdd235b_recurrent_gaussian_v1,respiratory,171901,CWPDIS,crossfit_stronger,none,64,256,4987dec99730bec308f2626eb952bf6f9c94ed3e3bc64641d4a298528357c628,0.28189791458475205,0.09139308196144955,-0.19050483262330248,1.4906846260250521,2.1442241841652327,1.0,1.0,0.0,1.0
kdd235b_recurrent_gaussian_v1,respiratory,171901,DR,crossfit_stronger,none,64,256,4987dec99730bec308f2626eb952bf6f9c94ed3e3bc64641d4a298528357c628,0.28189791458475205,-15798609.718366295,-15798610.000264209,64775612.03331292,226142151.10413086,1.0,1.0,0.0,1.0
kdd235b_recurrent_gaussian_v1,respiratory,171901,WDR,crossfit_stronger,none,64,256,4987dec99730bec308f2626eb952bf6f9c94ed3e3bc64641d4a298528357c628,0.28189791458475205,0.023043187663162754,-0.2588547269215893,0.9844790950083122,1.457266919728164,1.0,1.0,0.0,1.0
kdd235b_recurrent_gaussian_v1,respiratory,171901,FQE,crossfit_stronger,none,64,256,4987dec99730bec308f2626eb952bf6f9c94ed3e3bc64641d4a298528357c628,0.28189791458475205,0.0033880059879069597,-0.2785099085968451,0.2785099085968451,0.2798285127497822,1.0,1.0,0.0,1.0
kdd235b_recurrent_gaussian_v1,respiratory,171902,IS,crossfit_stronger,none,64,256,695e913f06f3cc4880f7c65779d7ad20eca5964ce84292abed198fe31582ece2,0.27338201355162295,-2285817075.099909,-2285817075.373291,4573885811.366007,23672199209.90756,1.0,1.0,0.0,1.0
kdd235b_recurrent_gaussian_v1,respiratory,171902,WIS,crossfit_stronger,none,64,256,695e913f06f3cc4880f7c65779d7ad20eca5964ce84292abed198fe31582ece2,0.27338201355162295,0.28093991512630007,0.007557901574677145,1.0749937272292094,1.6782223187181815,1.0,1.0,0.0,1.0
kdd235b_recurrent_gaussian_v1,respiratory,171902,CWPDIS,crossfit_stronger,none,64,256,695e913f06f3cc4880f7c65779d7ad20eca5964ce84292abed198fe31582ece2,0.27338201355162295,0.46608063824290635,0.19269862469128335,1.1684311944449968,1.700856820745495,1.0,1.0,0.0,1.0
kdd235b_recurrent_gaussian_v1,respiratory,171902,DR,crossfit_stronger,none,64,256,695e913f06f3cc4880f7c65779d7ad20eca5964ce84292abed198fe31582ece2,0.27338201355162295,-37048193.9243016,-37048194.19768362,45759317.197240405,229180227.62609616,1.0,1.0,0.0,1.0
kdd235b_recurrent_gaussian_v1,respiratory,171902,WDR,crossfit_stronger,none,64,256,695e913f06f3cc4880f7c65779d7ad20eca5964ce84292abed198fe31582ece2,0.27338201355162295,0.16470561992295463,-0.1086763936286683,0.6102684324796599,0.9694480932157451,1.0,1.0,0.0,1.0
kdd235b_recurrent_gaussian_v1,respiratory,171902,FQE,crossfit_stronger,none,64,256,695e913f06f3cc4880f7c65779d7ad20eca5964ce84292abed198fe31582ece2,0.27338201355162295,0.005172888796218955,-0.26820912475540404,0.26820912475540404,0.26950104140957476,1.0,1.0,0.0,1.0
kdd235b_recurrent_gaussian_v1,respiratory,171903,IS,crossfit_stronger,none,64,256,0a4bee6aba6bd09b5fb6fed57caa03e77ae8bac1da192f59cfde56722a192a90,0.1895272559492076,878849384.5137131,878849384.3241858,2706094206.02077,7289681078.571675,1.0,1.0,0.0,1.0
kdd235b_recurrent_gaussian_v1,respiratory,171903,WIS,crossfit_stronger,none,64,256,0a4bee6aba6bd09b5fb6fed57caa03e77ae8bac1da192f59cfde56722a192a90,0.1895272559492076,-0.23535590019655742,-0.42488315614576505,1.365566489048578,2.1858728612621032,1.0,1.0,0.0,1.0
kdd235b_recurrent_gaussian_v1,respiratory,171903,CWPDIS,crossfit_stronger,none,64,256,0a4bee6aba6bd09b5fb6fed57caa03e77ae8bac1da192f59cfde56722a192a90,0.1895272559492076,-0.35108019082846004,-0.5406074467776677,1.264452839766921,1.9883882735731626,1.0,1.0,0.0,1.0
kdd235b_recurrent_gaussian_v1,respiratory,171903,DR,crossfit_stronger,none,64,256,0a4bee6aba6bd09b5fb6fed57caa03e77ae8bac1da192f59cfde56722a192a90,0.1895272559492076,-10586898.678058889,-10586898.867586147,27514755.519637562,86352467.780799,1.0,1.0,0.0,1.0
kdd235b_recurrent_gaussian_v1,respiratory,171903,WDR,crossfit_stronger,none,64,256,0a4bee6aba6bd09b5fb6fed57caa03e77ae8bac1da192f59cfde56722a192a90,0.1895272559492076,-0.17886766601436443,-0.36839492196357204,0.8548387966326163,1.3638053708742928,1.0,1.0,0.0,1.0
kdd235b_recurrent_gaussian_v1,respiratory,171903,FQE,crossfit_stronger,none,64,256,0a4bee6aba6bd09b5fb6fed57caa03e77ae8bac1da192f59cfde56722a192a90,0.1895272559492076,-0.0031280520170471485,-0.19265530796625474,0.19265530796625474,0.19599911358179567,1.0,1.0,0.0,1.0
kdd235b_recurrent_gaussian_v1,respiratory,171904,IS,crossfit_stronger,none,64,256,1f4ea8e196a255f167cdeaed440438adad809722de3acaacea80a71c687e6e1a,0.28265154288541977,-1548597087.7210274,-1548597088.0036783,11178188764.869358,36337228159.07093,1.0,1.0000238324140898,0.0,1.0
kdd235b_recurrent_gaussian_v1,respiratory,171904,WIS,crossfit_stronger,none,64,256,1f4ea8e196a255f167cdeaed440438adad809722de3acaacea80a71c687e6e1a,0.28265154288541977,0.8246887301357009,0.5420371872502812,2.2865212694556187,2.7749523830952154,1.0,1.0000238324140898,0.0,1.0
kdd235b_recurrent_gaussian_v1,respiratory,171904,CWPDIS,crossfit_stronger,none,64,256,1f4ea8e196a255f167cdeaed440438adad809722de3acaacea80a71c687e6e1a,0.28265154288541977,0.6989770107515048,0.41632546786608504,1.863049851999917,2.3786608917184253,1.0,1.0000238324140898,0.0,1.0
kdd235b_recurrent_gaussian_v1,respiratory,171904,DR,crossfit_stronger,none,64,256,1f4ea8e196a255f167cdeaed440438adad809722de3acaacea80a71c687e6e1a,0.28265154288541977,-6910746.958013793,-6910747.240665328,122547681.75537136,389596312.80267256,1.0,1.0000238324140898,0.0,1.0
kdd235b_recurrent_gaussian_v1,respiratory,171904,WDR,crossfit_stronger,none,64,256,1f4ea8e196a255f167cdeaed440438adad809722de3acaacea80a71c687e6e1a,0.28265154288541977,0.3130328762066339,0.03038133332121421,1.2582146467284243,1.6228248744786307,1.0,1.0000238324140898,0.0,1.0
kdd235b_recurrent_gaussian_v1,respiratory,171904,FQE,crossfit_stronger,none,64,256,1f4ea8e196a255f167cdeaed440438adad809722de3acaacea80a71c687e6e1a,0.28265154288541977,0.014788639129131816,-0.26786290375628796,0.26786290375628796,0.2708296777205478,1.0,1.0000238324140898,0.0,1.0
kdd235b_recurrent_gaussian_v1,respiratory,171905,IS,crossfit_stronger,none,64,256,c3697fea063bff465142da7572a2fa1f89241670218e2f3c0f46c1276acdbd44,0.3835213408777427,1424687504.745616,1424687504.3620949,3245012948.2460303,13821798493.155897,1.0,1.0,0.0,1.0
kdd235b_recurrent_gaussian_v1,respiratory,171905,WIS,crossfit_stronger,none,64,256,c3697fea063bff465142da7572a2fa1f89241670218e2f3c0f46c1276acdbd44,0.3835213408777427,0.19428742234614882,-0.18923391853159394,1.3064263182198506,2.0538396919017625,1.0,1.0,0.0,1.0
kdd235b_recurrent_gaussian_v1,respiratory,171905,CWPDIS,crossfit_stronger,none,64,256,c3697fea063bff465142da7572a2fa1f89241670218e2f3c0f46c1276acdbd44,0.3835213408777427,0.14251635296119894,-0.24100498791654368,1.4264327830143662,2.1040403113004085,1.0,1.0,0.0,1.0
kdd235b_recurrent_gaussian_v1,respiratory,171905,DR,crossfit_stronger,none,64,256,c3697fea063bff465142da7572a2fa1f89241670218e2f3c0f46c1276acdbd44,0.3835213408777427,-37643939.58836405,-37643939.97188538,57297286.49346562,227851210.51764268,1.0,1.0,0.0,1.0
kdd235b_recurrent_gaussian_v1,respiratory,171905,WDR,crossfit_stronger,none,64,256,c3697fea063bff465142da7572a2fa1f89241670218e2f3c0f46c1276acdbd44,0.3835213408777427,-0.029473802916077152,-0.4129951437938199,1.019093126363225,1.4438052520157483,1.0,1.0,0.0,1.0
kdd235b_recurrent_gaussian_v1,respiratory,171905,FQE,crossfit_stronger,none,64,256,c3697fea063bff465142da7572a2fa1f89241670218e2f3c0f46c1276acdbd44,0.3835213408777427,0.003313235004351818,-0.38020810587339093,0.38020810587339093,0.38111402664672,1.0,1.0,0.0,1.0
kdd235b_recurrent_gaussian_v1,respiratory,171906,IS,crossfit_stronger,none,64,256,95f87ac4fd90140a106dbfd772b1dd3f84a345c044454f6c125fb9ef3898b3eb,0.155617258202083,1641385077.4821663,1641385077.326549,3090165668.111719,8894366892.722557,1.0,1.0,0.0,1.0
kdd235b_recurrent_gaussian_v1,respiratory,171906,WIS,crossfit_stronger,none,64,256,95f87ac4fd90140a106dbfd772b1dd3f84a345c044454f6c125fb9ef3898b3eb,0.155617258202083,0.29423770750486855,0.1386204493027855,1.5835220539171693,2.1578808331051036,1.0,1.0,0.0,1.0
kdd235b_recurrent_gaussian_v1,respiratory,171906,CWPDIS,crossfit_stronger,none,64,256,95f87ac4fd90140a106dbfd772b1dd3f84a345c044454f6c125fb9ef3898b3eb,0.155617258202083,0.11187406592241983,-0.04374319227966325,1.5074419239641252,2.037288813114112,1.0,1.0,0.0,1.0
kdd235b_recurrent_gaussian_v1,respiratory,171906,DR,crossfit_stronger,none,64,256,95f87ac4fd90140a106dbfd772b1dd3f84a345c044454f6c125fb9ef3898b3eb,0.155617258202083,11060877.31334629,11060877.157729035,47146693.542191535,172361628.97836617,1.0,1.0,0.0,1.0
kdd235b_recurrent_gaussian_v1,respiratory,171906,WDR,crossfit_stronger,none,64,256,95f87ac4fd90140a106dbfd772b1dd3f84a345c044454f6c125fb9ef3898b3eb,0.155617258202083,0.04123876085407306,-0.11437849734800998,0.934907437124247,1.4355860300050354,1.0,1.0,0.0,1.0
kdd235b_recurrent_gaussian_v1,respiratory,171906,FQE,crossfit_stronger,none,64,256,95f87ac4fd90140a106dbfd772b1dd3f84a345c044454f6c125fb9ef3898b3eb,0.155617258202083,0.004228604106836795,-0.15138865409524618,0.15138865409524618,0.15474837817680848,1.0,1.0,0.0,1.0
kdd235b_recurrent_gaussian_v1,respiratory,171907,IS,crossfit_stronger,none,64,256,7aad874667035424701da73d16d483cee460ce69b202788ef3c52886fa4cf97c,0.32759929781074965,-799885954.8643985,-799885955.1919985,10334658475.389126,33237378188.25793,1.0,1.0,0.0,1.0
kdd235b_recurrent_gaussian_v1,respiratory,171907,WIS,crossfit_stronger,none,64,256,7aad874667035424701da73d16d483cee460ce69b202788ef3c52886fa4cf97c,0.32759929781074965,0.05055294235005184,-0.2770463554606978,1.2695825867470556,1.851154219493661,1.0,1.0,0.0,1.0
kdd235b_recurrent_gaussian_v1,respiratory,171907,CWPDIS,crossfit_stronger,none,64,256,7aad874667035424701da73d16d483cee460ce69b202788ef3c52886fa4cf97c,0.32759929781074965,0.18824388414067345,-0.1393554136700762,1.2515930237119943,1.8681244160585566,1.0,1.0,0.0,1.0
kdd235b_recurrent_gaussian_v1,respiratory,171907,DR,crossfit_stronger,none,64,256,7aad874667035424701da73d16d483cee460ce69b202788ef3c52886fa4cf97c,0.32759929781074965,-3128131.279533189,-3128131.607132487,104357845.84467669,351518347.2975257,1.0,1.0,0.0,1.0
kdd235b_recurrent_gaussian_v1,respiratory,171907,WDR,crossfit_stronger,none,64,256,7aad874667035424701da73d16d483cee460ce69b202788ef3c52886fa4cf97c,0.32759929781074965,-0.004413202521387945,-0.3320125003321376,0.7340046786901093,1.207086165799268,1.0,1.0,0.0,1.0
kdd235b_recurrent_gaussian_v1,respiratory,171907,FQE,crossfit_stronger,none,64,256,7aad874667035424701da73d16d483cee460ce69b202788ef3c52886fa4cf97c,0.32759929781074965,0.00455035451907361,-0.323048943291676,0.323048943291676,0.32397916896480117,1.0,1.0,0.0,1.0
kdd235b_recurrent_gaussian_v1,respiratory,171908,IS,crossfit_stronger,none,64,256,b3078d7763a62055f83dbeedcd145c83a870bbb2fde0bf0bc11d0fee8fbc39a5,0.3555753136452151,604350204.5840251,604350204.2284498,5954843273.606683,24475449330.623066,1.0,1.0,0.0,1.0
kdd235b_recurrent_gaussian_v1,respiratory,171908,WIS,crossfit_stronger,none,64,256,b3078d7763a62055f83dbeedcd145c83a870bbb2fde0bf0bc11d0fee8fbc39a5,0.3555753136452151,-0.2109499756885749,-0.56652528933379,1.6085519732361135,2.39051046065789,1.0,1.0,0.0,1.0
kdd235b_recurrent_gaussian_v1,respiratory,171908,CWPDIS,crossfit_stronger,none,64,256,b3078d7763a62055f83dbeedcd145c83a870bbb2fde0bf0bc11d0fee8fbc39a5,0.3555753136452151,-0.26831609053931293,-0.623891404184528,1.34701212573294,1.9666049717902057,1.0,1.0,0.0,1.0
kdd235b_recurrent_gaussian_v1,respiratory,171908,DR,crossfit_stronger,none,64,256,b3078d7763a62055f83dbeedcd145c83a870bbb2fde0bf0bc11d0fee8fbc39a5,0.3555753136452151,-16480259.424066935,-16480259.779642252,42681630.16184289,150038309.873348,1.0,1.0,0.0,1.0
kdd235b_recurrent_gaussian_v1,respiratory,171908,WDR,crossfit_stronger,none,64,256,b3078d7763a62055f83dbeedcd145c83a870bbb2fde0bf0bc11d0fee8fbc39a5,0.3555753136452151,-0.10845006440497479,-0.4640253780501899,0.9236817261153398,1.3568664986252212,1.0,1.0,0.0,1.0
kdd235b_recurrent_gaussian_v1,respiratory,171908,FQE,crossfit_stronger,none,64,256,b3078d7763a62055f83dbeedcd145c83a870bbb2fde0bf0bc11d0fee8fbc39a5,0.3555753136452151,-0.0045053634472642465,-0.3600806770924794,0.3600806770924794,0.3611536423727205,1.0,1.0,0.0,1.0
kdd235b_recurrent_gaussian_v1,shock,171901,IS,crossfit_stronger,none,64,256,7a4494ed571b9dd6d2030e9221ff960a0bbb5b3a72588b4df2801bb8c632ef42,0.176207674728522,-1368706094008.1296,-1368706094008.3057,1688867537588.42,12286978240039.01,1.0,1.0,0.0,1.0
kdd235b_recurrent_gaussian_v1,shock,171901,WIS,crossfit_stronger,none,64,256,7a4494ed571b9dd6d2030e9221ff960a0bbb5b3a72588b4df2801bb8c632ef42,0.176207674728522,0.05116971831225165,-0.12503795641627036,0.3967122007157629,0.5566395075106817,1.0,1.0,0.0,1.0
kdd235b_recurrent_gaussian_v1,shock,171901,CWPDIS,crossfit_stronger,none,64,256,7a4494ed571b9dd6d2030e9221ff960a0bbb5b3a72588b4df2801bb8c632ef42,0.176207674728522,-0.0068857553137531,-0.18309343004227507,0.6091020977860131,0.849942136324786,1.0,1.0,0.0,1.0
kdd235b_recurrent_gaussian_v1,shock,171901,DR,crossfit_stronger,none,64,256,7a4494ed571b9dd6d2030e9221ff960a0bbb5b3a72588b4df2801bb8c632ef42,0.176207674728522,4623741839.018657,4623741838.842448,4836902577.639395,27554996580.5417,1.0,1.0,0.0,1.0
kdd235b_recurrent_gaussian_v1,shock,171901,WDR,crossfit_stronger,none,64,256,7a4494ed571b9dd6d2030e9221ff960a0bbb5b3a72588b4df2801bb8c632ef42,0.176207674728522,0.002444792115989247,-0.17376288261253273,0.3208840638051609,0.47289860255615096,1.0,1.0,0.0,1.0
kdd235b_recurrent_gaussian_v1,shock,171901,FQE,crossfit_stronger,none,64,256,7a4494ed571b9dd6d2030e9221ff960a0bbb5b3a72588b4df2801bb8c632ef42,0.176207674728522,0.003285449497606736,-0.17292222523091527,0.17292222523091527,0.174115623015513,1.0,1.0,0.0,1.0
kdd235b_recurrent_gaussian_v1,shock,171902,IS,crossfit_stronger,none,64,256,f11c3e609d799354b2a67968ea871269c626d999ab97dc214a6586980602a3ae,-0.007613488953184488,15770961500.456268,15770961500.463882,15771752132.017033,126170850925.60364,1.0,0.0,0.0,1.0
kdd235b_recurrent_gaussian_v1,shock,171902,WIS,crossfit_stronger,none,64,256,f11c3e609d799354b2a67968ea871269c626d999ab97dc214a6586980602a3ae,-0.007613488953184488,-0.005298783946114098,0.0023147050070703792,0.11216733264248206,0.2731176413139433,1.0,0.0,0.0,1.0
kdd235b_recurrent_gaussian_v1,shock,171902,CWPDIS,crossfit_stronger,none,64,256,f11c3e609d799354b2a67968ea871269c626d999ab97dc214a6586980602a3ae,-0.007613488953184488,-0.0972754227887769,-0.08966193383559241,0.38133557245670924,0.5276072520778617,1.0,0.0,0.0,1.0
kdd235b_recurrent_gaussian_v1,shock,171902,DR,crossfit_stronger,none,64,256,f11c3e609d799354b2a67968ea871269c626d999ab97dc214a6586980602a3ae,-0.007613488953184488,-113316074.02733956,-113316074.01972607,114124077.97961938,909729676.5309464,1.0,0.0,0.0,1.0
kdd235b_recurrent_gaussian_v1,shock,171902,WDR,crossfit_stronger,none,64,256,f11c3e609d799354b2a67968ea871269c626d999ab97dc214a6586980602a3ae,-0.007613488953184488,-0.022553187814534477,-0.014939698861349993,0.1250813551301591,0.21237534686808862,1.0,0.0,0.0,1.0
kdd235b_recurrent_gaussian_v1,shock,171902,FQE,crossfit_stronger,none,64,256,f11c3e609d799354b2a67968ea871269c626d999ab97dc214a6586980602a3ae,-0.007613488953184488,-0.001051077359922058,0.006562411593262429,0.011194811537396659,0.014850452453784725,1.0,0.0,0.0,1.0
kdd235b_recurrent_gaussian_v1,shock,171903,IS,crossfit_stronger,none,64,256,3db0579c9a4ea2cb75470f85f675fb0b6f887e3ec4363417222e3c7d6f4ca21b,0.1417319763521303,-57528744275.755646,-57528744275.89737,57591242075.50983,299336545541.96326,1.0,1.0,0.0,1.0
kdd235b_recurrent_gaussian_v1,shock,171903,WIS,crossfit_stronger,none,64,256,3db0579c9a4ea2cb75470f85f675fb0b6f887e3ec4363417222e3c7d6f4ca21b,0.1417319763521303,0.005936458517214711,-0.1357955178349156,0.41235224058347764,0.5606270658274958,1.0,1.0,0.0,1.0
kdd235b_recurrent_gaussian_v1,shock,171903,CWPDIS,crossfit_stronger,none,64,256,3db0579c9a4ea2cb75470f85f675fb0b6f887e3ec4363417222e3c7d6f4ca21b,0.1417319763521303,-0.1774868599404977,-0.319218836292628,0.5816226976387157,0.7200948120925696,1.0,1.0,0.0,1.0
kdd235b_recurrent_gaussian_v1,shock,171903,DR,crossfit_stronger,none,64,256,3db0579c9a4ea2cb75470f85f675fb0b6f887e3ec4363417222e3c7d6f4ca21b,0.1417319763521303,-311466526.26996267,-311466526.41169465,321671733.3286041,1915239362.6538274,1.0,1.0,0.0,1.0
kdd235b_recurrent_gaussian_v1,shock,171903,WDR,crossfit_stronger,none,64,256,3db0579c9a4ea2cb75470f85f675fb0b6f887e3ec4363417222e3c7d6f4ca21b,0.1417319763521303,-0.09706630685846745,-0.2387982832105978,0.3179176762102191,0.44314418211483103,1.0,1.0,0.0,1.0
kdd235b_recurrent_gaussian_v1,shock,171903,FQE,crossfit_stronger,none,64,256,3db0579c9a4ea2cb75470f85f675fb0b6f887e3ec4363417222e3c7d6f4ca21b,0.1417319763521303,-0.00046671720283943965,-0.14219869355496975,0.14219869355496975,0.1443147413394706,1.0,1.0,0.0,1.0
kdd235b_recurrent_gaussian_v1,shock,171904,IS,crossfit_stronger,none,64,256,b29b3256957b82e1cfe7ffc35df5fbb41d3e17c09ee6f9d5543571722127c184,-0.03756593118810942,120517092459.42526,120517092459.46278,185112705799.48642,1195697156464.047,1.0,0.0,0.0,1.0
kdd235b_recurrent_gaussian_v1,shock,171904,WIS,crossfit_stronger,none,64,256,b29b3256957b82e1cfe7ffc35df5fbb41d3e17c09ee6f9d5543571722127c184,-0.03756593118810942,0.01017938499811254,0.047745316186221985,0.25433350774205743,0.4854774530857594,1.0,0.0,0.0,1.0
kdd235b_recurrent_gaussian_v1,shock,171904,CWPDIS,crossfit_stronger,none,64,256,b29b3256957b82e1cfe7ffc35df5fbb41d3e17c09ee6f9d5543571722127c184,-0.03756593118810942,-0.051439321874258676,-0.013873390686149246,0.4091780504746373,0.5607597740741904,1.0,0.0,0.0,1.0
kdd235b_recurrent_gaussian_v1,shock,171904,DR,crossfit_stronger,none,64,256,b29b3256957b82e1cfe7ffc35df5fbb41d3e17c09ee6f9d5543571722127c184,-0.03756593118810942,3753669589.914094,3753669589.9516597,3797126064.912711,28937317096.967506,1.0,0.0,0.0,1.0
kdd235b_recurrent_gaussian_v1,shock,171904,WDR,crossfit_stronger,none,64,256,b29b3256957b82e1cfe7ffc35df5fbb41d3e17c09ee6f9d5543571722127c184,-0.03756593118810942,-0.018647709800651384,0.018918221387458044,0.17692006623464532,0.26832374767687456,1.0,0.0,0.0,1.0
kdd235b_recurrent_gaussian_v1,shock,171904,FQE,crossfit_stronger,none,64,256,b29b3256957b82e1cfe7ffc35df5fbb41d3e17c09ee6f9d5543571722127c184,-0.03756593118810942,-0.0009710541859872917,0.036594877002122134,0.037040500050622,0.03924738302538268,1.0,0.0,0.0,1.0
kdd235b_recurrent_gaussian_v1,shock,171905,IS,crossfit_stronger,none,64,256,cb59cc297c7927fa590afa14c10e81d74142b50dd21a8979d14409547eebce9b,0.1843470194895565,-128520495737.83153,-128520495738.01584,312468701475.19336,1371625291347.508,1.0,1.0,0.0,1.0
kdd235b_recurrent_gaussian_v1,shock,171905,WIS,crossfit_stronger,none,64,256,cb59cc297c7927fa590afa14c10e81d74142b50dd21a8979d14409547eebce9b,0.1843470194895565,-0.06413730042548363,-0.2484843199150401,0.4393227466868385,0.6341273531661888,1.0,1.0,0.0,1.0
kdd235b_recurrent_gaussian_v1,shock,171905,CWPDIS,crossfit_stronger,none,64,256,cb59cc297c7927fa590afa14c10e81d74142b50dd21a8979d14409547eebce9b,0.1843470194895565,0.20697332932163226,0.022626309832075767,0.4235397198874856,0.5711275620708127,1.0,1.0,0.0,1.0
kdd235b_recurrent_gaussian_v1,shock,171905,DR,crossfit_stronger,none,64,256,cb59cc297c7927fa590afa14c10e81d74142b50dd21a8979d14409547eebce9b,0.1843470194895565,-3561309475.620368,-3561309475.804715,3784034287.443388,18613370328.026844,1.0,1.0,0.0,1.0
kdd235b_recurrent_gaussian_v1,shock,171905,WDR,crossfit_stronger,none,64,256,cb59cc297c7927fa590afa14c10e81d74142b50dd21a8979d14409547eebce9b,0.1843470194895565,0.08803145367567405,-0.09631556581388243,0.21956349321563812,0.2879241986383975,1.0,1.0,0.0,1.0
kdd235b_recurrent_gaussian_v1,shock,171905,FQE,crossfit_stronger,none,64,256,cb59cc297c7927fa590afa14c10e81d74142b50dd21a8979d14409547eebce9b,0.1843470194895565,0.006350409820311575,-0.17799660966924494,0.17799660966924494,0.17913499942944874,1.0,1.0,0.0,1.0
kdd235b_recurrent_gaussian_v1,shock,171906,IS,crossfit_stronger,none,64,256,7e8bccfcd0d008f846e62723f1cb8dfc4515e6002c3dc4e111b9e6fc645c24bc,0.05398992825771745,-672582684.8704116,-672582684.9244018,672582918.8848302,5380648179.81552,1.0,1.0,0.0,1.0
kdd235b_recurrent_gaussian_v1,shock,171906,WIS,crossfit_stronger,none,64,256,7e8bccfcd0d008f846e62723f1cb8dfc4515e6002c3dc4e111b9e6fc645c24bc,0.05398992825771745,0.05068751115137797,-0.003302417106339467,0.2973165738438076,0.4492896804877113,1.0,1.0,0.0,1.0
kdd235b_recurrent_gaussian_v1,shock,171906,CWPDIS,crossfit_stronger,none,64,256,7e8bccfcd0d008f846e62723f1cb8dfc4515e6002c3dc4e111b9e6fc645c24bc,0.05398992825771745,0.09605806026958513,0.04206813201186769,0.45546599633353196,0.5907708270653409,1.0,1.0,0.0,1.0
kdd235b_recurrent_gaussian_v1,shock,171906,DR,crossfit_stronger,none,64,256,7e8bccfcd0d008f846e62723f1cb8dfc4515e6002c3dc4e111b9e6fc645c24bc,0.05398992825771745,-22491429.189152814,-22491429.24314274,23179331.366842628,109172515.92279075,1.0,1.0,0.0,1.0
kdd235b_recurrent_gaussian_v1,shock,171906,WDR,crossfit_stronger,none,64,256,7e8bccfcd0d008f846e62723f1cb8dfc4515e6002c3dc4e111b9e6fc645c24bc,0.05398992825771745,0.054860508192173016,0.0008705799344555596,0.20378324414170398,0.29440916523449145,1.0,1.0,0.0,1.0
kdd235b_recurrent_gaussian_v1,shock,171906,FQE,crossfit_stronger,none,64,256,7e8bccfcd0d008f846e62723f1cb8dfc4515e6002c3dc4e111b9e6fc645c24bc,0.05398992825771745,0.005236461159940075,-0.04875346709777738,0.048869122757866125,0.052501206756999985,1.0,1.0,0.0,1.0
kdd235b_recurrent_gaussian_v1,shock,171907,IS,crossfit_stronger,none,64,256,34f400c3ccade387e1d213967e512cb9fb03b7608a2e007924f3f2ee84395679,0.1524036755579078,-6110715441.37179,-6110715441.524193,6663089133.941022,44571652534.43255,1.0,1.0,0.0,1.0
kdd235b_recurrent_gaussian_v1,shock,171907,WIS,crossfit_stronger,none,64,256,34f400c3ccade387e1d213967e512cb9fb03b7608a2e007924f3f2ee84395679,0.1524036755579078,0.02436124009639593,-0.1280424354615119,0.39194755490047495,0.5745903714116993,1.0,1.0,0.0,1.0
kdd235b_recurrent_gaussian_v1,shock,171907,CWPDIS,crossfit_stronger,none,64,256,34f400c3ccade387e1d213967e512cb9fb03b7608a2e007924f3f2ee84395679,0.1524036755579078,0.18846754809483734,0.03606387253692951,0.5063664931377012,0.6657955406438277,1.0,1.0,0.0,1.0
kdd235b_recurrent_gaussian_v1,shock,171907,DR,crossfit_stronger,none,64,256,34f400c3ccade387e1d213967e512cb9fb03b7608a2e007924f3f2ee84395679,0.1524036755579078,160371953.7286566,160371953.57625288,265826589.74108267,1397146177.8838027,1.0,1.0,0.0,1.0
kdd235b_recurrent_gaussian_v1,shock,171907,WDR,crossfit_stronger,none,64,256,34f400c3ccade387e1d213967e512cb9fb03b7608a2e007924f3f2ee84395679,0.1524036755579078,0.08738699240808574,-0.06501668314982206,0.2554053317261033,0.33970624251036574,1.0,1.0,0.0,1.0
kdd235b_recurrent_gaussian_v1,shock,171907,FQE,crossfit_stronger,none,64,256,34f400c3ccade387e1d213967e512cb9fb03b7608a2e007924f3f2ee84395679,0.1524036755579078,0.000767232961333207,-0.1516364425965746,0.1516364425965746,0.15359252683926083,1.0,1.0,0.0,1.0
kdd235b_recurrent_gaussian_v1,shock,171908,IS,crossfit_stronger,none,64,256,3abb5f894d4e1535170bfe2daf91377c66ca6fdf15a14579d29bca45fc345a42,0.24026385399453487,13012759716.747513,13012759716.507256,25260896944.54158,110532516469.01239,1.0,1.0,0.0,1.0
kdd235b_recurrent_gaussian_v1,shock,171908,WIS,crossfit_stronger,none,64,256,3abb5f894d4e1535170bfe2daf91377c66ca6fdf15a14579d29bca45fc345a42,0.24026385399453487,0.11823813359924953,-0.12202572039528532,0.4208553530444159,0.5607208894323007,1.0,1.0,0.0,1.0
kdd235b_recurrent_gaussian_v1,shock,171908,CWPDIS,crossfit_stronger,none,64,256,3abb5f894d4e1535170bfe2daf91377c66ca6fdf15a14579d29bca45fc345a42,0.24026385399453487,0.09238806187862295,-0.14787579211591192,0.4759883727896326,0.6705076892666478,1.0,1.0,0.0,1.0
kdd235b_recurrent_gaussian_v1,shock,171908,DR,crossfit_stronger,none,64,256,3abb5f894d4e1535170bfe2daf91377c66ca6fdf15a14579d29bca45fc345a42,0.24026385399453487,78053482.61344531,78053482.3731814,382619823.25662017,1824488097.986361,1.0,1.0,0.0,1.0
kdd235b_recurrent_gaussian_v1,shock,171908,WDR,crossfit_stronger,none,64,256,3abb5f894d4e1535170bfe2daf91377c66ca6fdf15a14579d29bca45fc345a42,0.24026385399453487,0.06468803073596581,-0.17557582325856907,0.28542289619133415,0.3989724260566952,1.0,1.0,0.0,1.0
kdd235b_recurrent_gaussian_v1,shock,171908,FQE,crossfit_stronger,none,64,256,3abb5f894d4e1535170bfe2daf91377c66ca6fdf15a14579d29bca45fc345a42,0.24026385399453487,0.00243681499509647,-0.2378270389994384,0.2378270389994384,0.2389303462551428,1.0,1.0,0.0,1.0
kdd235b_recurrent_gaussian_v1,aki,171901,IS,crossfit_stronger,none,64,256,2871cb9edf4b13b1b148a52f46d88d95f0868f74d8b10a8d5968a032433a39c6,0.25758511706237797,415664.1250597807,415663.86747466365,584283.7225961743,2251044.397729385,1.0,4.642398209348723,0.0,1.0
kdd235b_recurrent_gaussian_v1,aki,171901,WIS,crossfit_stronger,none,64,256,2871cb9edf4b13b1b148a52f46d88d95f0868f74d8b10a8d5968a032433a39c6,0.25758511706237797,0.15963681927857074,-0.09794829778380723,0.3268636181172895,0.41474243831727686,1.0,4.642398209348723,0.0,1.0
kdd235b_recurrent_gaussian_v1,aki,171901,CWPDIS,crossfit_stronger,none,64,256,2871cb9edf4b13b1b148a52f46d88d95f0868f74d8b10a8d5968a032433a39c6,0.25758511706237797,0.3584319078665725,0.10084679080419452,0.4443529109155753,0.5130048750667148,1.0,4.642398209348723,0.0,1.0
kdd235b_recurrent_gaussian_v1,aki,171901,DR,crossfit_stronger,none,64,256,2871cb9edf4b13b1b148a52f46d88d95f0868f74d8b10a8d5968a032433a39c6,0.25758511706237797,21047.93577691316,21047.678191796098,157964.58113639196,336909.03799249534,1.0,4.642398209348723,0.0,1.0
kdd235b_recurrent_gaussian_v1,aki,171901,WDR,crossfit_stronger,none,64,256,2871cb9edf4b13b1b148a52f46d88d95f0868f74d8b10a8d5968a032433a39c6,0.25758511706237797,0.3065914345375395,0.049006317475161564,0.3286917579197599,0.4014438751491502,1.0,4.642398209348723,0.0,1.0
kdd235b_recurrent_gaussian_v1,aki,171901,FQE,crossfit_stronger,none,64,256,2871cb9edf4b13b1b148a52f46d88d95f0868f74d8b10a8d5968a032433a39c6,0.25758511706237797,0.019332144510189775,-0.2382529725521882,0.2382529725521882,0.23974023848245846,1.0,4.642398209348723,0.0,1.0
kdd235b_recurrent_gaussian_v1,aki,171902,IS,crossfit_stronger,none,64,256,592da17c8256d7026a8ace687d79f0004d1152d55567ed6f59be592a8c999b7e,0.21649923501361262,207931.4367730725,207931.22027383748,479404.45455681696,784404.4724457613,1.0,4.279377657468176,0.0,1.0
kdd235b_recurrent_gaussian_v1,aki,171902,WIS,crossfit_stronger,none,64,256,592da17c8256d7026a8ace687d79f0004d1152d55567ed6f59be592a8c999b7e,0.21649923501361262,0.14898394128664394,-0.06751529372696868,0.3671805892124085,0.43553056642137605,1.0,4.279377657468176,0.0,1.0
kdd235b_recurrent_gaussian_v1,aki,171902,CWPDIS,crossfit_stronger,none,64,256,592da17c8256d7026a8ace687d79f0004d1152d55567ed6f59be592a8c999b7e,0.21649923501361262,0.3772342961194683,0.1607350611058557,0.45830272556453155,0.5611571371155664,1.0,4.279377657468176,0.0,1.0
kdd235b_recurrent_gaussian_v1,aki,171902,DR,crossfit_stronger,none,64,256,592da17c8256d7026a8ace687d79f0004d1152d55567ed6f59be592a8c999b7e,0.21649923501361262,17864.60108602062,17864.38458678561,193257.7797129936,341659.3370678805,1.0,4.279377657468176,0.0,1.0
kdd235b_recurrent_gaussian_v1,aki,171902,WDR,crossfit_stronger,none,64,256,592da17c8256d7026a8ace687d79f0004d1152d55567ed6f59be592a8c999b7e,0.21649923501361262,0.23892974368947048,0.022430508675857882,0.30058382572154574,0.36372682895503916,1.0,4.279377657468176,0.0,1.0
kdd235b_recurrent_gaussian_v1,aki,171902,FQE,crossfit_stronger,none,64,256,592da17c8256d7026a8ace687d79f0004d1152d55567ed6f59be592a8c999b7e,0.21649923501361262,0.023660799951296167,-0.19283843506231646,0.19283843506231646,0.19537638383033967,1.0,4.279377657468176,0.0,1.0
kdd235b_recurrent_gaussian_v1,aki,171903,IS,crossfit_stronger,none,64,256,dfa82a0fe66b4d39fb3e71eaeb5c953b89ac0d7796d5a361be57322e51bcb784,0.1747310862075751,458891.5385158936,458891.36378480727,633105.1719411234,1403548.447638119,1.0,4.484825783648321,0.0,1.0
kdd235b_recurrent_gaussian_v1,aki,171903,WIS,crossfit_stronger,none,64,256,dfa82a0fe66b4d39fb3e71eaeb5c953b89ac0d7796d5a361be57322e51bcb784,0.1747310862075751,0.2562535698080396,0.0815224836004645,0.33181528446395714,0.40377419761995037,1.0,4.484825783648321,0.0,1.0
kdd235b_recurrent_gaussian_v1,aki,171903,CWPDIS,crossfit_stronger,none,64,256,dfa82a0fe66b4d39fb3e71eaeb5c953b89ac0d7796d5a361be57322e51bcb784,0.1747310862075751,0.4346101895258704,0.25987910331829533,0.47541054993572246,0.5776356507170005,1.0,4.484825783648321,0.0,1.0
kdd235b_recurrent_gaussian_v1,aki,171903,DR,crossfit_stronger,none,64,256,dfa82a0fe66b4d39fb3e71eaeb5c953b89ac0d7796d5a361be57322e51bcb784,0.1747310862075751,76127.5110584776,76127.33632739139,163086.24421469896,319257.5125660477,1.0,4.484825783648321,0.0,1.0
kdd235b_recurrent_gaussian_v1,aki,171903,WDR,crossfit_stronger,none,64,256,dfa82a0fe66b4d39fb3e71eaeb5c953b89ac0d7796d5a361be57322e51bcb784,0.1747310862075751,0.3095251667857789,0.1347940805782038,0.35292755102851964,0.4244159230562244,1.0,4.484825783648321,0.0,1.0
kdd235b_recurrent_gaussian_v1,aki,171903,FQE,crossfit_stronger,none,64,256,dfa82a0fe66b4d39fb3e71eaeb5c953b89ac0d7796d5a361be57322e51bcb784,0.1747310862075751,0.014588842487035574,-0.16014224372053953,0.16014224372053953,0.16366125763068004,1.0,4.484825783648321,0.0,1.0
kdd235b_recurrent_gaussian_v1,aki,171904,IS,crossfit_stronger,none,64,256,c1d337d9b983522f94f50745c2b9a90e690842503ddb8b819fbb1d502b0e7915,0.17662628623763788,232449.3685255003,232449.19189921406,462261.1766601517,751646.3696897373,1.0,4.407493530621821,0.0,1.0
kdd235b_recurrent_gaussian_v1,aki,171904,WIS,crossfit_stronger,none,64,256,c1d337d9b983522f94f50745c2b9a90e690842503ddb8b819fbb1d502b0e7915,0.17662628623763788,0.1941289548654536,0.017502668627815715,0.3834357463042277,0.4454224271281647,1.0,4.407493530621821,0.0,1.0
kdd235b_recurrent_gaussian_v1,aki,171904,CWPDIS,crossfit_stronger,none,64,256,c1d337d9b983522f94f50745c2b9a90e690842503ddb8b819fbb1d502b0e7915,0.17662628623763788,0.3794890096146898,0.2028627233770519,0.5069205572826543,0.5826776444325534,1.0,4.407493530621821,0.0,1.0
kdd235b_recurrent_gaussian_v1,aki,171904,DR,crossfit_stronger,none,64,256,c1d337d9b983522f94f50745c2b9a90e690842503ddb8b819fbb1d502b0e7915,0.17662628623763788,94686.2785124367,94686.10188615047,167372.52125051818,293435.88576355553,1.0,4.407493530621821,0.0,1.0
kdd235b_recurrent_gaussian_v1,aki,171904,WDR,crossfit_stronger,none,64,256,c1d337d9b983522f94f50745c2b9a90e690842503ddb8b819fbb1d502b0e7915,0.17662628623763788,0.36172510348687825,0.18509881724924038,0.3530502455083186,0.43428225700423595,1.0,4.407493530621821,0.0,1.0
kdd235b_recurrent_gaussian_v1,aki,171904,FQE,crossfit_stronger,none,64,256,c1d337d9b983522f94f50745c2b9a90e690842503ddb8b819fbb1d502b0e7915,0.17662628623763788,0.023377305578888306,-0.1532489806587496,0.1532489806587496,0.15694847972053252,1.0,4.407493530621821,0.0,1.0
kdd235b_recurrent_gaussian_v1,aki,171905,IS,crossfit_stronger,none,64,256,e749d394ee1d6fbd2c7f06f81787c744d6896d88d02be865533db569312da287,0.19142174598978134,740310.2336810695,740310.0422593234,920761.901328506,1982378.517454942,1.0,3.6045596453097684,0.0,1.0
kdd235b_recurrent_gaussian_v1,aki,171905,WIS,crossfit_stronger,none,64,256,e749d394ee1d6fbd2c7f06f81787c744d6896d88d02be865533db569312da287,0.19142174598978134,0.26020558747243877,0.06878384148265745,0.4111585226978952,0.4625288579319679,1.0,3.6045596453097684,0.0,1.0
kdd235b_recurrent_gaussian_v1,aki,171905,CWPDIS,crossfit_stronger,none,64,256,e749d394ee1d6fbd2c7f06f81787c744d6896d88d02be865533db569312da287,0.19142174598978134,0.47632036127622124,0.2848986152864399,0.5596873494309165,0.6161830496689612,1.0,3.6045596453097684,0.0,1.0
kdd235b_recurrent_gaussian_v1,aki,171905,DR,crossfit_stronger,none,64,256,e749d394ee1d6fbd2c7f06f81787c744d6896d88d02be865533db569312da287,0.19142174598978134,115446.3411816773,115446.14975993127,178328.7373829302,337880.49075744906,1.0,3.6045596453097684,0.0,1.0
kdd235b_recurrent_gaussian_v1,aki,171905,WDR,crossfit_stronger,none,64,256,e749d394ee1d6fbd2c7f06f81787c744d6896d88d02be865533db569312da287,0.19142174598978134,0.36258798261122716,0.17116623662144584,0.3190414967487881,0.38169678358386966,1.0,3.6045596453097684,0.0,1.0
kdd235b_recurrent_gaussian_v1,aki,171905,FQE,crossfit_stronger,none,64,256,e749d394ee1d6fbd2c7f06f81787c744d6896d88d02be865533db569312da287,0.19142174598978134,0.021566430696650825,-0.16985531529313053,0.16985531529313053,0.17222594897468885,1.0,3.6045596453097684,0.0,1.0
kdd235b_recurrent_gaussian_v1,aki,171906,IS,crossfit_stronger,none,64,256,bee41fc23cad79a9809e175bbfb4c3d1741e159603c72579ae0de0815da9455c,0.23255055479593661,236724.20235080912,236723.96980025433,715699.3086712091,1318051.839592075,1.0,4.346032078944544,0.0,1.0
kdd235b_recurrent_gaussian_v1,aki,171906,WIS,crossfit_stronger,none,64,256,bee41fc23cad79a9809e175bbfb4c3d1741e159603c72579ae0de0815da9455c,0.23255055479593661,0.22041108595253311,-0.012139468843403497,0.3765463700045113,0.45964578866107864,1.0,4.346032078944544,0.0,1.0
kdd235b_recurrent_gaussian_v1,aki,171906,CWPDIS,crossfit_stronger,none,64,256,bee41fc23cad79a9809e175bbfb4c3d1741e159603c72579ae0de0815da9455c,0.23255055479593661,0.466735894928768,0.23418534013283146,0.550856469968405,0.6452161496573551,1.0,4.346032078944544,0.0,1.0
kdd235b_recurrent_gaussian_v1,aki,171906,DR,crossfit_stronger,none,64,256,bee41fc23cad79a9809e175bbfb4c3d1741e159603c72579ae0de0815da9455c,0.23255055479593661,86957.83193236674,86957.59938181196,172133.01785102338,425988.71014865127,1.0,4.346032078944544,0.0,1.0
kdd235b_recurrent_gaussian_v1,aki,171906,WDR,crossfit_stronger,none,64,256,bee41fc23cad79a9809e175bbfb4c3d1741e159603c72579ae0de0815da9455c,0.23255055479593661,0.336984029742198,0.10443347494626136,0.3600102819708651,0.4268603003148766,1.0,4.346032078944544,0.0,1.0
kdd235b_recurrent_gaussian_v1,aki,171906,FQE,crossfit_stronger,none,64,256,bee41fc23cad79a9809e175bbfb4c3d1741e159603c72579ae0de0815da9455c,0.23255055479593661,0.033822284159608675,-0.19872827063632795,0.19872827063632795,0.20071503781376088,1.0,4.346032078944544,0.0,1.0
kdd235b_recurrent_gaussian_v1,aki,171907,IS,crossfit_stronger,none,64,256,b26a64b08eb22a43dd0f89a294133dc1a5bf7ab58f450f865dd02a10e52a7249,0.19700654365987963,363449.6812445461,363449.48423800245,677262.8089701661,1162277.4854517037,1.0,4.753423154963468,0.0,1.0
kdd235b_recurrent_gaussian_v1,aki,171907,WIS,crossfit_stronger,none,64,256,b26a64b08eb22a43dd0f89a294133dc1a5bf7ab58f450f865dd02a10e52a7249,0.19700654365987963,0.25757035858883987,0.06056381492896023,0.37109467437206817,0.4420745328494863,1.0,4.753423154963468,0.0,1.0
kdd235b_recurrent_gaussian_v1,aki,171907,CWPDIS,crossfit_stronger,none,64,256,b26a64b08eb22a43dd0f89a294133dc1a5bf7ab58f450f865dd02a10e52a7249,0.19700654365987963,0.46531865132026484,0.26831210766038527,0.5245128794062526,0.6061815859909886,1.0,4.753423154963468,0.0,1.0
kdd235b_recurrent_gaussian_v1,aki,171907,DR,crossfit_stronger,none,64,256,b26a64b08eb22a43dd0f89a294133dc1a5bf7ab58f450f865dd02a10e52a7249,0.19700654365987963,86257.85857735899,86257.66157081534,251383.5999548667,584735.9687248635,1.0,4.753423154963468,0.0,1.0
kdd235b_recurrent_gaussian_v1,aki,171907,WDR,crossfit_stronger,none,64,256,b26a64b08eb22a43dd0f89a294133dc1a5bf7ab58f450f865dd02a10e52a7249,0.19700654365987963,0.33038867948792283,0.13338213582804326,0.333039719552465,0.4142881355361116,1.0,4.753423154963468,0.0,1.0
kdd235b_recurrent_gaussian_v1,aki,171907,FQE,crossfit_stronger,none,64,256,b26a64b08eb22a43dd0f89a294133dc1a5bf7ab58f450f865dd02a10e52a7249,0.19700654365987963,0.012353487058273297,-0.18465305660160636,0.18465305660160636,0.1884170068425175,1.0,4.753423154963468,0.0,1.0
kdd235b_recurrent_gaussian_v1,aki,171908,IS,crossfit_stronger,none,64,256,6adf2c3d04cf6995ce18236caae4b39ec3f1048d60280e4a2c9db129c40944af,0.22379053540740868,147803.07012427694,147802.84633374156,469888.9901061663,685709.4750300564,1.0,4.401408287721447,0.0,1.0
kdd235b_recurrent_gaussian_v1,aki,171908,WIS,crossfit_stronger,none,64,256,6adf2c3d04cf6995ce18236caae4b39ec3f1048d60280e4a2c9db129c40944af,0.22379053540740868,0.17038562247495145,-0.053404912932457256,0.376280010136378,0.45943501558593414,1.0,4.401408287721447,0.0,1.0
kdd235b_recurrent_gaussian_v1,aki,171908,CWPDIS,crossfit_stronger,none,64,256,6adf2c3d04cf6995ce18236caae4b39ec3f1048d60280e4a2c9db129c40944af,0.22379053540740868,0.35696693791369893,0.13317640250629023,0.4452208087456986,0.5302020049981311,1.0,4.401408287721447,0.0,1.0
kdd235b_recurrent_gaussian_v1,aki,171908,DR,crossfit_stronger,none,64,256,6adf2c3d04cf6995ce18236caae4b39ec3f1048d60280e4a2c9db129c40944af,0.22379053540740868,46510.37320859755,46510.149418062145,113469.84617613713,212606.66210228534,1.0,4.401408287721447,0.0,1.0
kdd235b_recurrent_gaussian_v1,aki,171908,WDR,crossfit_stronger,none,64,256,6adf2c3d04cf6995ce18236caae4b39ec3f1048d60280e4a2c9db129c40944af,0.22379053540740868,0.2901830187692286,0.06639248336181988,0.3096976521646031,0.38867928800093404,1.0,4.401408287721447,0.0,1.0
kdd235b_recurrent_gaussian_v1,aki,171908,FQE,crossfit_stronger,none,64,256,6adf2c3d04cf6995ce18236caae4b39ec3f1048d60280e4a2c9db129c40944af,0.22379053540740868,0.01846265479450124,-0.2053278806129074,0.2053278806129074,0.2075201855518194,1.0,4.401408287721447,0.0,1.0
kdd235b_recurrent_gaussian_v1,heart_failure,171901,IS,crossfit_stronger,none,64,256,2a30bc2cd188266e18e1f603742301975197ff7c992552812140cf427209a124,0.6358226174001607,372.91364676731314,372.27782414991293,389.26826724373177,614.7515477241158,1.0,8.794676553047601,0.0,1.0
kdd235b_recurrent_gaussian_v1,heart_failure,171901,WIS,crossfit_stronger,none,64,256,2a30bc2cd188266e18e1f603742301975197ff7c992552812140cf427209a124,0.6358226174001607,0.515708133371124,-0.12011448402903668,0.2343463275711878,0.3178575521548295,1.0,8.794676553047601,0.0,1.0
kdd235b_recurrent_gaussian_v1,heart_failure,171901,CWPDIS,crossfit_stronger,none,64,256,2a30bc2cd188266e18e1f603742301975197ff7c992552812140cf427209a124,0.6358226174001607,1.1971293534079022,0.5613067360077415,0.6684886053425511,0.7742093378464932,1.0,8.794676553047601,0.0,1.0
kdd235b_recurrent_gaussian_v1,heart_failure,171901,DR,crossfit_stronger,none,64,256,2a30bc2cd188266e18e1f603742301975197ff7c992552812140cf427209a124,0.6358226174001607,66.97393179157442,66.33810917417426,99.43221543726935,135.28910117055187,1.0,8.794676553047601,0.0,1.0
kdd235b_recurrent_gaussian_v1,heart_failure,171901,WDR,crossfit_stronger,none,64,256,2a30bc2cd188266e18e1f603742301975197ff7c992552812140cf427209a124,0.6358226174001607,0.8493508367943274,0.21352821939416683,0.32080312934036204,0.3865986059247582,1.0,8.794676553047601,0.0,1.0
kdd235b_recurrent_gaussian_v1,heart_failure,171901,FQE,crossfit_stronger,none,64,256,2a30bc2cd188266e18e1f603742301975197ff7c992552812140cf427209a124,0.6358226174001607,0.18102057237118213,-0.45480204502897853,0.45480204502897853,0.45568919320836715,1.0,8.794676553047601,0.0,1.0
kdd235b_recurrent_gaussian_v1,heart_failure,171902,IS,crossfit_stronger,none,64,256,7624221c12d2f782d45dda8c382f675e0cc891ef026a9b46e8d9497dfddd07ff,0.5758103490706226,445.44770434466824,444.87189399559765,529.2436898054686,1490.563264691581,1.0,8.108751312279876,0.0,1.0
kdd235b_recurrent_gaussian_v1,heart_failure,171902,WIS,crossfit_stronger,none,64,256,7624221c12d2f782d45dda8c382f675e0cc891ef026a9b46e8d9497dfddd07ff,0.5758103490706226,0.48990703909668804,-0.08590330997393454,0.26726213631964124,0.37169463117287027,1.0,8.108751312279876,0.0,1.0
kdd235b_recurrent_gaussian_v1,heart_failure,171902,CWPDIS,crossfit_stronger,none,64,256,7624221c12d2f782d45dda8c382f675e0cc891ef026a9b46e8d9497dfddd07ff,0.5758103490706226,1.1623193385190609,0.5865089894484383,0.7997657129513589,0.8737601263576499,1.0,8.108751312279876,0.0,1.0
kdd235b_recurrent_gaussian_v1,heart_failure,171902,DR,crossfit_stronger,none,64,256,7624221c12d2f782d45dda8c382f675e0cc891ef026a9b46e8d9497dfddd07ff,0.5758103490706226,103.14431889178597,102.56850854271535,146.92940845351666,428.3769579633251,1.0,8.108751312279876,0.0,1.0
kdd235b_recurrent_gaussian_v1,heart_failure,171902,WDR,crossfit_stronger,none,64,256,7624221c12d2f782d45dda8c382f675e0cc891ef026a9b46e8d9497dfddd07ff,0.5758103490706226,0.7908190641854151,0.2150087151147926,0.3700127369918256,0.446032286277,1.0,8.108751312279876,0.0,1.0
kdd235b_recurrent_gaussian_v1,heart_failure,171902,FQE,crossfit_stronger,none,64,256,7624221c12d2f782d45dda8c382f675e0cc891ef026a9b46e8d9497dfddd07ff,0.5758103490706226,0.16755508291430535,-0.40825526615631724,0.40825526615631724,0.4096310521185147,1.0,8.108751312279876,0.0,1.0
kdd235b_recurrent_gaussian_v1,heart_failure,171903,IS,crossfit_stronger,none,64,256,83a61dbfdb4acf671dffc906651e11f150c8e2c6154d234a21a074fd3470d116,0.5692150394812991,342.69243079316084,342.1232157536795,365.66477147061283,504.24115382470296,1.0,9.762868947598976,0.0,1.0
kdd235b_recurrent_gaussian_v1,heart_failure,171903,WIS,crossfit_stronger,none,64,256,83a61dbfdb4acf671dffc906651e11f150c8e2c6154d234a21a074fd3470d116,0.5692150394812991,0.54011780871445,-0.02909723076684903,0.22104168145902253,0.29281234837219544,1.0,9.762868947598976,0.0,1.0
kdd235b_recurrent_gaussian_v1,heart_failure,171903,CWPDIS,crossfit_stronger,none,64,256,83a61dbfdb4acf671dffc906651e11f150c8e2c6154d234a21a074fd3470d116,0.5692150394812991,1.2346549090739984,0.6654398695926994,0.8017649281332877,0.8680249753419695,1.0,9.762868947598976,0.0,1.0
kdd235b_recurrent_gaussian_v1,heart_failure,171903,DR,crossfit_stronger,none,64,256,83a61dbfdb4acf671dffc906651e11f150c8e2c6154d234a21a074fd3470d116,0.5692150394812991,54.98593444515904,54.41671940567773,122.13220136492075,190.4203046857858,1.0,9.762868947598976,0.0,1.0
kdd235b_recurrent_gaussian_v1,heart_failure,171903,WDR,crossfit_stronger,none,64,256,83a61dbfdb4acf671dffc906651e11f150c8e2c6154d234a21a074fd3470d116,0.5692150394812991,0.8204620047523936,0.25124696527109447,0.4065516180863784,0.4442319315515362,1.0,9.762868947598976,0.0,1.0
kdd235b_recurrent_gaussian_v1,heart_failure,171903,FQE,crossfit_stronger,none,64,256,83a61dbfdb4acf671dffc906651e11f150c8e2c6154d234a21a074fd3470d116,0.5692150394812991,0.17666439809578446,-0.39255064138551465,0.39255064138551465,0.3936652531761501,1.0,9.762868947598976,0.0,1.0
kdd235b_recurrent_gaussian_v1,heart_failure,171904,IS,crossfit_stronger,none,64,256,c22d21b214360e062be5be366214624b4732a570cf07afeb7b9956c12bf99a52,0.561996638246754,308.864813490803,308.30281685255625,356.9670190764371,441.115297455156,1.0,8.699072732093143,0.0,1.0
kdd235b_recurrent_gaussian_v1,heart_failure,171904,WIS,crossfit_stronger,none,64,256,c22d21b214360e062be5be366214624b4732a570cf07afeb7b9956c12bf99a52,0.561996638246754,0.5630760067869278,0.0010793685401737502,0.22828271779261597,0.3030873603743709,1.0,8.699072732093143,0.0,1.0
kdd235b_recurrent_gaussian_v1,heart_failure,171904,CWPDIS,crossfit_stronger,none,64,256,c22d21b214360e062be5be366214624b4732a570cf07afeb7b9956c12bf99a52,0.561996638246754,1.332663268097088,0.770666629850334,0.8674954798422425,0.940253064618552,1.0,8.699072732093143,0.0,1.0
kdd235b_recurrent_gaussian_v1,heart_failure,171904,DR,crossfit_stronger,none,64,256,c22d21b214360e062be5be366214624b4732a570cf07afeb7b9956c12bf99a52,0.561996638246754,50.42160076042364,49.859604122176876,101.79404017456265,167.61442563797684,1.0,8.699072732093143,0.0,1.0
kdd235b_recurrent_gaussian_v1,heart_failure,171904,WDR,crossfit_stronger,none,64,256,c22d21b214360e062be5be366214624b4732a570cf07afeb7b9956c12bf99a52,0.561996638246754,0.8525561835326225,0.29055954528586847,0.3620413747383652,0.43409014866146206,1.0,8.699072732093143,0.0,1.0
kdd235b_recurrent_gaussian_v1,heart_failure,171904,FQE,crossfit_stronger,none,64,256,c22d21b214360e062be5be366214624b4732a570cf07afeb7b9956c12bf99a52,0.561996638246754,0.17920281780524927,-0.3827938204415048,0.3827938204415048,0.3834365722470456,1.0,8.699072732093143,0.0,1.0
kdd235b_recurrent_gaussian_v1,heart_failure,171905,IS,crossfit_stronger,none,64,256,e0ce49d0ea42f3588e5de4f9f16c94e885282d15a6732c00aa6c1cac8798ad10,0.5776387478511225,342.4607471213524,341.88310837350133,463.2741064848601,751.2365204751769,1.0,7.984530665392159,0.0,1.0
kdd235b_recurrent_gaussian_v1,heart_failure,171905,WIS,crossfit_stronger,none,64,256,e0ce49d0ea42f3588e5de4f9f16c94e885282d15a6732c00aa6c1cac8798ad10,0.5776387478511225,0.47250375826318963,-0.1051349895879328,0.24448241836393456,0.36348703108436586,1.0,7.984530665392159,0.0,1.0
kdd235b_recurrent_gaussian_v1,heart_failure,171905,CWPDIS,crossfit_stronger,none,64,256,e0ce49d0ea42f3588e5de4f9f16c94e885282d15a6732c00aa6c1cac8798ad10,0.5776387478511225,1.2318069453095934,0.6541681974584711,0.7860148824339632,0.8570083486953524,1.0,7.984530665392159,0.0,1.0
kdd235b_recurrent_gaussian_v1,heart_failure,171905,DR,crossfit_stronger,none,64,256,e0ce49d0ea42f3588e5de4f9f16c94e885282d15a6732c00aa6c1cac8798ad10,0.5776387478511225,44.07653276772971,43.498894019878584,160.55634840835052,340.6308358183155,1.0,7.984530665392159,0.0,1.0
kdd235b_recurrent_gaussian_v1,heart_failure,171905,WDR,crossfit_stronger,none,64,256,e0ce49d0ea42f3588e5de4f9f16c94e885282d15a6732c00aa6c1cac8798ad10,0.5776387478511225,0.83710701239714,0.25946826454601757,0.3830468285371865,0.4600271385718427,1.0,7.984530665392159,0.0,1.0
kdd235b_recurrent_gaussian_v1,heart_failure,171905,FQE,crossfit_stronger,none,64,256,e0ce49d0ea42f3588e5de4f9f16c94e885282d15a6732c00aa6c1cac8798ad10,0.5776387478511225,0.17500622303971267,-0.4026325248114098,0.4026325248114098,0.4032421224551147,1.0,7.984530665392159,0.0,1.0
kdd235b_recurrent_gaussian_v1,heart_failure,171906,IS,crossfit_stronger,none,64,256,97e9297f2a8ae43992dc305cef98f56433f750e0d9c41acd70ace79fadbb85e8,0.5935538013442079,258.2652108292484,257.6716570279042,369.7766427791645,526.3906842704229,1.0,8.852389562706723,0.0,1.0
kdd235b_recurrent_gaussian_v1,heart_failure,171906,WIS,crossfit_stronger,none,64,256,97e9297f2a8ae43992dc305cef98f56433f750e0d9c41acd70ace79fadbb85e8,0.5935538013442079,0.46810767840582995,-0.12544612293837792,0.2433477230568219,0.35500498094147703,1.0,8.852389562706723,0.0,1.0
kdd235b_recurrent_gaussian_v1,heart_failure,171906,CWPDIS,crossfit_stronger,none,64,256,97e9297f2a8ae43992dc305cef98f56433f750e0d9c41acd70ace79fadbb85e8,0.5935538013442079,1.171533127177387,0.5779793258331792,0.7103251811616482,0.8144057813001513,1.0,8.852389562706723,0.0,1.0
kdd235b_recurrent_gaussian_v1,heart_failure,171906,DR,crossfit_stronger,none,64,256,97e9297f2a8ae43992dc305cef98f56433f750e0d9c41acd70ace79fadbb85e8,0.5935538013442079,32.06235670945448,31.468802908110266,107.26059102763861,149.77188178725066,1.0,8.852389562706723,0.0,1.0
kdd235b_recurrent_gaussian_v1,heart_failure,171906,WDR,crossfit_stronger,none,64,256,97e9297f2a8ae43992dc305cef98f56433f750e0d9c41acd70ace79fadbb85e8,0.5935538013442079,0.7701616096612087,0.17660780831700082,0.32167716641018373,0.3966768982420328,1.0,8.852389562706723,0.0,1.0
kdd235b_recurrent_gaussian_v1,heart_failure,171906,FQE,crossfit_stronger,none,64,256,97e9297f2a8ae43992dc305cef98f56433f750e0d9c41acd70ace79fadbb85e8,0.5935538013442079,0.1712719020423948,-0.4222818993018131,0.4222818993018131,0.4233135330573624,1.0,8.852389562706723,0.0,1.0
kdd235b_recurrent_gaussian_v1,heart_failure,171907,IS,crossfit_stronger,none,64,256,718dae20fbaebc31921bc3545bae9f6a22d4e6c6285b7b7c0613743e2778ec5b,0.5776636468171723,449.407310392982,448.8296467461648,456.08827515862913,659.8682253595936,1.0,8.513212376255643,0.0,1.0
kdd235b_recurrent_gaussian_v1,heart_failure,171907,WIS,crossfit_stronger,none,64,256,718dae20fbaebc31921bc3545bae9f6a22d4e6c6285b7b7c0613743e2778ec5b,0.5776636468171723,0.5903500505976982,0.012686403780525903,0.20498822352510265,0.2533921848789923,1.0,8.513212376255643,0.0,1.0
kdd235b_recurrent_gaussian_v1,heart_failure,171907,CWPDIS,crossfit_stronger,none,64,256,718dae20fbaebc31921bc3545bae9f6a22d4e6c6285b7b7c0613743e2778ec5b,0.5776636468171723,1.3446016544454482,0.7669380076282759,0.8008835674552726,0.9004571603614943,1.0,8.513212376255643,0.0,1.0
kdd235b_recurrent_gaussian_v1,heart_failure,171907,DR,crossfit_stronger,none,64,256,718dae20fbaebc31921bc3545bae9f6a22d4e6c6285b7b7c0613743e2778ec5b,0.5776636468171723,101.4807981884331,100.90313454161593,139.27466106572558,228.8974799827796,1.0,8.513212376255643,0.0,1.0
kdd235b_recurrent_gaussian_v1,heart_failure,171907,WDR,crossfit_stronger,none,64,256,718dae20fbaebc31921bc3545bae9f6a22d4e6c6285b7b7c0613743e2778ec5b,0.5776636468171723,0.8911707456096617,0.3135070987924894,0.38480175596114474,0.44884569389728,1.0,8.513212376255643,0.0,1.0
kdd235b_recurrent_gaussian_v1,heart_failure,171907,FQE,crossfit_stronger,none,64,256,718dae20fbaebc31921bc3545bae9f6a22d4e6c6285b7b7c0613743e2778ec5b,0.5776636468171723,0.18292655048033007,-0.39473709633684223,0.39473709633684223,0.3955931354653797,1.0,8.513212376255643,0.0,1.0
kdd235b_recurrent_gaussian_v1,heart_failure,171908,IS,crossfit_stronger,none,64,256,a77fe02bf8d96a9a7af5402466dd5d8fd991b3b4ddec14008ecff924d57dd59a,0.5930961985387545,461.3017672483571,460.70867104981835,486.73646214065104,1175.5581409183608,1.0,9.317562759168055,0.0,1.0
kdd235b_recurrent_gaussian_v1,heart_failure,171908,WIS,crossfit_stronger,none,64,256,a77fe02bf8d96a9a7af5402466dd5d8fd991b3b4ddec14008ecff924d57dd59a,0.5930961985387545,0.5138155829537497,-0.0792806155850048,0.22739100330354753,0.3192730919726318,1.0,9.317562759168055,0.0,1.0
kdd235b_recurrent_gaussian_v1,heart_failure,171908,CWPDIS,crossfit_stronger,none,64,256,a77fe02bf8d96a9a7af5402466dd5d8fd991b3b4ddec14008ecff924d57dd59a,0.5930961985387545,1.2536858608665173,0.6605896623277628,0.7303090719816056,0.8327832809389055,1.0,9.317562759168055,0.0,1.0
kdd235b_recurrent_gaussian_v1,heart_failure,171908,DR,crossfit_stronger,none,64,256,a77fe02bf8d96a9a7af5402466dd5d8fd991b3b4ddec14008ecff924d57dd59a,0.5930961985387545,77.60386374607306,77.01076754753431,132.24475413526835,202.81630768135068,1.0,9.317562759168055,0.0,1.0
kdd235b_recurrent_gaussian_v1,heart_failure,171908,WDR,crossfit_stronger,none,64,256,a77fe02bf8d96a9a7af5402466dd5d8fd991b3b4ddec14008ecff924d57dd59a,0.5930961985387545,0.8190222726140809,0.22592607407532636,0.3296124364739851,0.3946326859676184,1.0,9.317562759168055,0.0,1.0
kdd235b_recurrent_gaussian_v1,heart_failure,171908,FQE,crossfit_stronger,none,64,256,a77fe02bf8d96a9a7af5402466dd5d8fd991b3b4ddec14008ecff924d57dd59a,0.5930961985387545,0.17670668004991116,-0.4163895184888433,0.4163895184888433,0.4172407390383328,1.0,9.317562759168055,0.0,1.0
